name,value
kG1p,41.999999999999964
kG1dp,0.09499999999999997
kSa,16.175675458812922
kSi,0.09499999999999997
